<?xml version="1.0" encoding="UTF-8"?>
<!DOCTYPE log4j:configuration SYSTEM "log4j.dtd">
<log4j:configuration xmlns:log4j="http://jakarta.apache.org/log4j/">
<appender name="fileAppender" class="org.apache.log4j.RollingFileAppender">
  <param name="File" value="D://logg.log" /> 
  <param name="MaxBackupIndex" value="5" /> 
  <param name="MaxFileSize" value="5000000" /> 
 <layout class="org.apache.log4j.PatternLayout">
  <param name="ConversionPattern" value="%d [%t] %-5p (%F:%L) - %m%n" /> 
  </layout>
  </appender>
 <root>
  <level value="INFO" /> 
  <appender-ref ref="fileAppender" /> 
  </root>
  </log4j:configuration>